{
    "pile": {
        "ce_loss": 3.5050333314393542,
        "perplexity": 33.28255318931894,
        "n_tokens": 906802
    },
    "alpaca": {
        "ce_loss": 2.0894710864376265,
        "perplexity": 8.080640073700383,
        "n_tokens": 270467
    },
    "alpaca_custom_completions": {
        "ce_loss": 0.25220660046586724,
        "perplexity": 1.286861876085791,
        "n_tokens": 24902
    }
}